name,week1,week2,week3,week4,week5,week6,week7,week8,week9,week10,week11,week13,week14
110640,36,87,79,42,48,6,26,21,16,17,5,0,0
117467,5,8,11,10,7,14,3,9,4,0,0,0,0
113677,2,5,0,10,0,3,0,22,0,0,0,0,0
34091,1,0,0,0,0,0,0,0,0,0,0,0,0
104584,2,11,9,9,9,5,1,4,0,0,0,0,0
18538,1,0,1,0,0,0,0,0,0,3,0,0,0
112220,1,1,0,0,0,0,0,0,0,0,0,0,0
13254,3,2,0,0,0,0,0,0,0,0,0,0,0
112854,1,0,0,0,1,0,0,3,0,0,0,0,0
443,3,1,6,0,4,2,0,3,0,0,0,0,0
117317,1,0,0,0,0,0,0,0,0,0,0,0,0
112284,1,7,6,25,38,14,3,11,0,1,0,0,0
117646,1,0,2,0,1,1,6,0,2,0,0,0,0
116973,2,8,1,3,0,0,0,1,0,0,0,0,0
117571,1,0,1,0,2,0,0,0,0,0,0,0,0
4383,1,0,4,0,1,2,2,3,2,0,0,0,0
33390,1,0,0,0,0,0,0,0,0,0,0,0,0
117594,2,5,0,0,0,0,0,7,0,0,0,0,0
111930,1,1,0,3,0,0,0,0,0,0,0,0,0
113727,3,0,1,1,6,5,0,1,0,0,0,0,0
117393,3,0,0,0,1,3,2,0,2,0,0,0,0
117399,3,0,0,1,1,4,5,0,2,0,0,0,0
111453,1,0,0,0,0,0,0,0,0,0,0,0,0
111726,3,1,0,0,0,0,0,0,0,0,0,0,0
99247,1,0,0,0,0,0,0,0,0,0,0,0,0
117101,1,0,0,0,0,0,0,0,0,0,0,0,0
118262,2,1,3,0,12,20,3,0,0,3,0,0,0
118605,1,0,0,0,0,0,0,0,0,0,0,0,0
117347,2,0,0,0,0,0,0,0,0,0,0,0,0
110690,9,2,0,0,0,0,0,0,0,0,0,0,0
114030,8,0,0,6,4,0,8,0,0,0,0,0,0
114694,2,2,8,0,8,0,0,0,0,0,0,0,0
116255,2,1,0,1,0,9,0,0,0,0,0,0,0
113467,2,0,0,0,0,0,0,0,0,0,0,0,0
808,7,0,0,0,0,0,0,0,0,0,0,0,0
113162,1,6,3,0,3,1,0,15,5,0,0,0,0
113166,8,10,0,7,0,1,5,10,0,0,0,0,0
108283,2,4,2,0,1,0,6,4,0,0,0,0,0
6396,3,0,0,0,0,0,0,0,0,0,0,0,0
116396,1,1,0,0,0,0,0,0,0,0,0,0,0
115854,2,2,0,0,0,0,0,0,0,0,0,0,0
116405,1,1,0,0,0,1,0,0,0,0,0,0,0
20938,1,0,0,0,0,0,0,0,0,0,0,0,0
111266,1,0,0,0,0,0,0,0,0,0,0,0,0
113890,2,0,0,0,0,0,0,0,0,0,0,0,0
111775,9,0,5,0,13,8,16,5,0,0,0,0,0
113939,4,1,0,0,0,0,0,0,0,0,0,0,0
113142,3,0,0,0,0,0,0,0,0,0,0,0,0
117460,1,1,2,2,3,0,3,0,7,0,0,0,0
113569,3,0,0,0,0,0,0,0,0,0,0,0,0
116706,3,8,9,5,7,13,3,0,7,0,0,0,0
118638,4,0,0,0,0,0,0,0,0,0,0,0,0
112667,3,0,0,0,0,0,0,0,4,0,0,0,0
118824,2,0,0,0,0,0,0,0,0,0,0,0,0
117570,1,0,0,0,0,0,0,0,0,0,0,0,0
111534,1,0,0,0,0,0,0,0,0,0,0,0,0
117539,4,0,0,0,0,0,0,0,0,0,0,0,0
118843,1,0,0,0,1,0,1,2,0,0,0,0,0
118804,4,0,2,6,3,7,0,10,5,0,0,0,0
106594,1,0,6,0,0,0,0,0,0,0,0,0,0
118397,1,0,0,0,0,0,0,0,0,0,0,0,0
112524,3,0,0,0,0,0,0,0,0,0,0,0,0
116932,1,0,0,0,0,0,0,0,0,0,0,0,0
108263,6,3,14,10,4,9,0,16,13,0,0,0,0
118891,1,0,0,0,0,0,0,0,0,0,0,0,0
117499,3,0,0,0,0,0,0,0,0,0,0,0,0
111506,1,1,0,0,0,0,0,0,0,0,0,0,0
111627,2,0,0,0,0,0,0,0,0,0,0,0,0
111495,8,5,0,0,0,0,0,0,0,0,0,0,0
117684,1,0,0,0,0,4,0,0,0,0,0,0,0
112079,4,8,0,10,12,9,12,5,0,0,0,0,0
118823,1,1,5,1,1,0,12,4,0,0,0,0,0
113854,2,0,6,11,0,1,4,3,3,0,0,0,0
112043,1,6,4,11,2,15,9,14,0,0,0,0,0
119269,1,1,0,0,1,0,0,0,0,0,0,0,0
112176,6,0,5,11,0,10,2,6,3,0,0,0,0
112177,2,0,5,3,1,0,14,4,4,0,0,0,0
117617,1,0,0,0,0,0,0,0,0,0,0,0,0
111380,1,0,0,0,1,0,0,0,0,0,0,0,0
115369,4,0,3,0,0,6,10,24,0,0,0,0,0
110667,2,6,0,0,0,0,0,0,0,0,0,0,0
39388,2,1,0,0,4,1,0,0,0,0,0,0,0
116202,3,0,1,0,0,0,0,0,0,0,0,0,0
115445,1,0,0,0,0,0,0,1,0,0,0,0,0
15703,14,9,4,3,16,12,0,7,3,0,0,0,0
112184,3,0,4,0,0,0,12,0,0,0,0,0,0
36521,4,0,0,0,0,0,0,0,0,0,0,0,0
113312,2,5,5,0,0,0,0,0,0,0,0,0,0
117516,4,0,0,0,0,0,0,0,0,0,0,0,0
119447,1,0,0,11,9,8,0,0,0,0,0,0,0
113413,1,2,0,0,0,0,0,0,0,0,0,0,0
110639,2,2,0,0,0,0,0,0,0,0,0,0,0
117111,1,0,5,0,3,0,11,12,3,0,0,0,0
119503,7,0,1,10,0,0,12,16,10,0,0,0,0
105390,1,0,0,0,0,0,0,1,0,0,0,0,0
116421,2,0,0,0,0,0,0,0,0,0,0,0,0
103500,1,0,0,0,0,0,0,0,0,0,0,0,0
118071,1,0,0,1,2,1,2,0,0,0,0,0,0
118070,1,0,0,3,2,1,2,0,1,0,0,0,0
117409,2,3,6,3,3,6,0,7,7,0,0,0,0
117448,1,1,1,6,3,4,0,13,1,0,0,0,0
113930,1,0,0,0,0,0,0,0,0,0,0,0,0
111878,1,0,0,4,5,8,0,0,4,0,0,0,0
111545,1,0,1,1,0,0,2,14,3,0,0,0,0
16572,4,0,3,5,5,17,0,4,3,0,0,0,0
105165,1,0,2,0,1,0,0,0,0,0,0,0,0
120379,1,0,0,0,0,0,0,0,0,0,0,0,0
104503,3,0,0,8,0,2,1,0,0,0,0,0,0
116256,1,0,2,1,0,0,9,1,0,0,0,0,0
110636,7,1,0,0,0,0,0,0,0,0,0,0,0
16319,4,0,7,4,8,16,0,4,4,1,0,0,0
16501,3,0,0,4,15,10,0,4,4,0,0,0,0
120558,1,0,0,0,0,0,0,0,0,0,0,0,0
120554,1,0,0,0,0,0,0,0,0,0,0,0,0
117779,1,1,1,0,2,0,11,0,0,0,0,0,0
524,1,0,0,1,0,0,30,0,1,0,0,0,0
113311,1,0,0,0,2,0,0,0,0,0,0,0,0
17500,2,0,0,0,0,0,0,0,0,0,0,0,0
106324,2,0,2,1,0,1,1,5,1,0,0,0,0
120922,1,1,0,0,5,5,3,0,0,0,0,0,0
115743,1,3,2,11,4,12,1,4,2,0,0,0,0
117518,1,2,6,1,3,0,24,0,0,0,0,0,0
97949,3,0,0,0,0,0,0,0,0,0,0,0,0
112259,1,0,0,0,0,0,0,0,0,0,0,0,0
1210,1,2,12,1,10,15,5,3,0,0,0,0,0
118722,3,1,0,0,2,3,0,6,0,0,0,0,0
117824,2,4,3,4,3,1,0,0,0,0,0,0,0
34527,1,0,0,0,0,0,0,0,0,0,0,0,0
118369,1,0,1,1,2,0,0,7,1,0,0,0,0
119822,2,0,0,0,0,0,0,0,0,0,0,0,0
117375,2,7,5,6,2,9,0,0,0,0,0,0,0
116090,1,0,0,0,0,0,0,0,0,0,0,0,0
118676,1,5,1,2,0,0,0,0,0,0,0,0,0
103489,1,0,1,0,0,0,0,0,0,0,0,0,0
112821,1,0,0,0,0,0,0,0,0,0,0,0,0
4512,2,0,0,0,0,0,0,0,0,0,0,0,0
117482,1,0,2,0,8,1,0,8,8,0,0,0,0
15795,1,0,1,0,0,0,0,2,2,0,0,0,0
34179,5,6,7,5,8,11,4,2,0,0,0,0,0
114806,1,1,1,0,0,0,0,0,0,0,0,0,0
436,1,0,1,0,0,0,0,2,0,0,0,0,0
118784,1,2,0,5,0,12,0,0,1,0,0,0,0
109608,1,0,0,0,0,0,0,0,1,0,0,0,0
112296,0,3,0,3,3,7,0,0,0,0,0,0,0
120954,0,1,2,0,0,0,0,0,0,0,0,0,0
104311,0,2,0,0,0,4,0,0,0,0,0,0,0
112551,0,2,0,0,0,0,0,0,0,0,0,0,0
118852,0,1,0,0,0,0,0,0,0,0,0,0,0
113652,0,2,4,0,1,17,0,0,0,0,0,0,0
113661,0,1,4,0,0,5,0,0,0,0,0,0,0
111656,0,2,0,0,0,0,0,1,0,0,0,0,0
15702,0,4,3,0,9,0,3,1,0,0,0,0,0
114138,0,1,0,0,0,0,0,0,0,0,0,0,0
26090,0,2,0,0,5,0,0,0,0,0,0,0,0
121232,0,3,0,9,4,11,1,7,5,0,0,0,0
18161,0,17,4,0,0,0,0,0,0,0,0,0,0
111980,0,1,0,0,0,0,0,0,0,0,0,0,0
113673,0,1,3,0,1,8,0,0,0,0,0,0,0
121539,0,2,0,3,13,7,1,4,0,0,0,0,0
117474,0,1,0,1,0,6,1,3,0,0,0,0,0
1661,0,2,0,0,0,0,0,0,0,0,0,0,0
117568,0,6,1,1,0,0,0,0,0,0,0,0,0
117459,0,8,10,6,24,27,0,21,0,0,0,0,0
1065,0,5,3,0,7,9,1,7,0,1,0,0,0
117608,0,4,2,0,1,10,11,3,2,0,0,0,0
117609,0,5,6,0,0,9,1,3,0,0,0,0,0
113303,0,1,0,0,0,0,0,0,0,0,0,0,0
121537,0,1,2,0,0,0,0,0,0,0,0,0,0
42005,0,7,0,21,0,0,18,1,0,0,0,0,0
3589,0,1,0,0,0,0,0,0,0,0,0,0,0
121999,0,1,0,0,0,0,0,0,0,0,0,0,0
111454,0,3,2,3,2,5,19,5,4,0,0,0,0
111891,0,8,5,14,0,10,0,8,9,0,0,1,0
117472,0,4,2,6,2,7,5,0,6,0,0,0,0
117343,0,1,16,4,2,8,9,10,0,0,0,0,0
117662,0,2,11,3,0,16,7,0,4,0,0,0,0
112293,0,7,5,1,0,0,14,7,6,0,0,0,0
113540,0,2,3,1,2,0,0,0,0,1,0,0,0
75350,0,2,0,0,0,0,0,0,0,0,0,0,0
122000,0,1,0,0,0,0,0,0,0,0,0,0,0
102948,0,3,0,0,0,4,4,0,0,0,0,0,0
117466,0,1,0,1,0,6,0,0,0,0,0,0,0
111326,0,12,7,1,13,5,12,4,0,0,0,0,0
115236,0,1,0,0,2,0,0,0,0,0,0,0,0
35527,0,2,0,0,0,0,0,0,0,0,0,0,0
114984,0,1,0,0,0,0,0,0,0,0,0,0,0
122798,0,1,0,0,0,0,0,0,0,0,0,0,0
116957,0,4,0,8,0,0,0,0,0,0,0,0,0
114388,0,4,1,2,0,0,0,0,0,0,0,0,0
121186,0,1,0,0,0,0,0,0,0,0,0,0,0
114782,0,31,12,6,10,19,3,6,0,1,0,0,0
4500,0,4,1,4,0,0,5,1,1,0,0,0,0
111736,0,1,0,0,0,0,0,0,0,0,0,0,0
4226,0,1,0,0,0,0,0,0,0,0,0,0,0
118097,0,1,0,0,0,2,1,0,0,0,0,0,0
116022,0,2,0,3,1,4,6,7,0,0,0,0,0
118384,0,3,0,0,0,0,0,1,2,0,0,0,0
17904,0,16,6,1,0,11,0,2,1,0,0,0,0
116471,0,6,3,2,0,0,0,0,0,0,0,0,0
117030,0,4,4,0,0,0,0,1,0,0,0,0,0
118033,0,3,0,6,0,0,7,7,0,0,0,0,0
113858,0,2,0,0,1,0,0,0,0,0,0,0,0
111852,0,11,7,1,3,0,8,5,4,0,0,0,0
117551,0,2,0,1,1,8,0,5,0,0,0,0,0
113483,0,2,0,0,2,17,5,2,0,0,0,0,0
117579,0,5,2,1,0,0,0,0,0,0,0,0,0
116933,0,1,1,0,1,0,1,8,4,0,0,0,0
113629,0,5,2,2,2,12,1,0,0,0,0,0,0
113292,0,2,0,3,4,1,7,10,2,0,0,0,0
111811,0,6,7,2,1,1,6,2,0,0,0,0,0
123854,0,1,0,0,0,0,0,0,0,0,0,0,0
116318,0,2,1,3,0,8,7,4,0,0,0,0,0
113669,0,2,2,0,0,0,4,4,0,0,0,0,0
113690,0,1,0,0,0,0,0,1,0,0,0,0,0
112457,0,1,0,0,1,4,0,1,0,0,0,0,0
106112,0,7,13,8,10,0,5,15,0,0,0,0,0
112976,0,1,0,26,18,3,8,4,0,0,0,0,0
113723,0,1,0,0,0,11,0,0,0,1,0,0,0
114878,0,1,0,0,0,0,0,0,0,0,0,0,0
114873,0,1,0,0,0,0,0,0,0,0,0,0,0
117140,0,3,3,3,3,4,15,2,0,0,0,0,0
36641,0,4,2,2,0,0,0,11,2,0,0,0,0
113667,0,3,0,0,0,1,0,0,0,0,0,0,0
107036,0,1,0,1,0,5,0,0,0,0,0,0,0
114871,0,2,0,0,0,0,0,0,0,0,0,0,0
113688,0,2,0,0,0,0,0,0,0,0,0,0,0
114674,0,1,0,0,0,0,0,0,0,0,0,0,0
122577,0,4,15,3,0,7,4,3,1,0,0,0,0
117138,0,1,0,0,0,0,4,8,0,0,0,0,0
56646,0,1,0,0,0,0,0,0,0,0,0,0,0
112779,0,1,1,3,1,0,0,0,0,0,0,0,0
36011,0,1,0,0,0,0,0,0,0,0,0,0,0
4320,0,1,1,1,3,0,0,14,0,0,0,0,0
122331,0,4,0,1,0,0,0,0,0,0,0,0,0
113217,0,5,0,0,0,0,0,0,0,0,0,0,0
103440,0,1,4,0,0,0,0,0,0,0,0,0,0
122389,0,3,0,0,0,0,0,0,0,0,0,0,0
115027,0,6,0,0,0,0,0,0,0,0,0,0,0
113961,0,6,0,0,0,0,0,17,0,0,0,0,0
104464,0,4,8,0,1,10,9,3,0,0,0,0,0
104989,0,2,1,7,0,0,0,6,0,0,0,0,0
116791,0,5,0,3,13,10,4,9,3,0,0,0,0
115739,0,4,1,11,5,5,7,4,3,0,0,0,0
112108,0,1,0,0,0,0,0,0,0,0,0,0,0
119657,0,1,3,0,0,0,2,1,0,0,0,0,0
116381,0,1,0,1,0,0,0,0,0,0,0,0,0
116025,0,13,6,1,0,16,1,0,0,0,0,0,0
115162,0,4,0,0,0,0,0,0,0,0,0,0,0
118216,0,2,0,0,0,0,0,0,0,0,0,0,0
118561,0,1,0,0,0,0,0,0,0,0,0,0,0
118733,0,3,0,0,2,1,0,4,0,0,0,0,0
112288,0,1,0,3,1,0,5,6,0,0,0,0,0
123984,0,2,0,0,0,0,0,0,0,0,0,0,0
112669,0,1,2,1,1,0,6,0,0,0,0,0,0
118218,0,3,0,0,0,0,0,0,0,0,0,0,0
112005,0,2,1,1,0,6,10,0,4,0,0,0,0
102912,0,7,0,5,17,0,24,5,3,0,0,0,0
120270,0,1,0,0,0,0,0,0,0,0,0,0,0
116266,0,1,0,0,0,0,0,0,0,0,0,0,0
104547,0,7,0,9,0,0,0,15,0,0,0,0,0
103694,0,2,0,0,0,0,0,0,0,0,0,0,0
118340,0,1,0,0,0,0,0,0,0,0,0,0,0
103493,0,2,1,0,3,0,0,0,0,0,0,0,0
114919,0,4,0,0,0,0,0,0,0,0,0,0,0
124715,0,3,0,0,0,0,0,0,0,0,0,0,0
1192,0,2,0,0,0,0,0,0,0,0,0,0,0
117910,0,1,0,0,0,0,0,0,0,0,0,0,0
118203,0,1,0,0,0,0,0,0,0,0,0,0,0
118912,0,1,0,0,0,0,0,0,0,0,0,0,0
121776,0,1,3,0,0,0,0,0,0,0,0,0,0
113396,0,2,1,0,0,0,0,0,0,0,0,0,0
122264,0,3,7,4,8,0,14,9,7,0,0,0,0
118084,0,3,0,0,0,0,0,0,0,0,0,0,0
117404,0,6,0,5,10,4,0,5,2,0,0,0,0
105495,0,1,0,0,0,0,0,0,0,0,0,0,0
112063,0,11,1,0,0,2,1,2,0,0,0,0,0
118246,0,1,0,1,0,0,0,0,0,0,0,0,0
30662,0,2,1,0,0,0,0,0,0,0,0,0,0
115425,0,1,0,0,0,0,4,5,0,0,0,0,0
117949,0,1,0,0,0,0,0,0,0,0,0,0,0
105250,0,1,2,5,5,3,3,1,1,1,0,0,0
119366,0,4,4,4,1,9,1,7,0,0,0,0,0
117403,0,1,5,3,9,6,2,7,6,0,0,0,0
114997,0,2,0,0,0,0,0,0,0,0,0,0,0
4656,0,1,0,0,0,0,0,0,0,0,0,0,0
81314,0,1,0,0,0,0,0,0,0,0,0,0,0
94140,0,5,22,1,6,0,24,7,0,0,0,0,0
114317,0,4,0,3,0,4,0,0,2,0,0,0,0
113362,0,7,4,2,8,10,0,5,2,0,0,0,0
124784,0,3,2,0,0,0,1,0,0,0,0,0,0
116481,0,2,2,4,0,1,0,1,0,0,0,0,0
102955,0,1,0,0,0,0,4,4,0,0,0,0,0
114456,0,2,2,0,0,0,0,0,0,0,0,0,0
111961,0,1,0,0,0,0,0,0,0,0,0,0,0
118800,0,1,0,0,3,0,0,9,0,0,0,0,0
102124,0,1,1,0,0,0,0,0,0,0,0,0,0
732,0,2,0,0,0,0,0,0,0,0,0,0,0
112975,0,1,0,0,0,0,0,0,0,0,0,0,0
125805,0,8,3,5,2,9,10,5,0,0,0,0,0
101966,0,1,0,0,0,0,0,0,0,0,0,0,0
116384,0,2,0,0,1,0,0,3,0,0,0,0,0
113500,0,3,0,0,0,0,0,0,0,0,0,0,0
104586,0,3,4,1,0,0,0,0,0,0,0,0,0
124670,0,10,7,5,3,9,9,5,1,0,0,0,0
116596,0,2,0,0,0,1,1,0,0,0,0,0,0
111927,0,4,0,0,0,0,0,0,0,0,0,0,0
102372,0,4,2,0,3,3,0,3,2,0,0,0,0
117875,0,3,0,0,2,0,0,0,0,0,0,0,0
124646,0,4,0,0,0,0,0,0,0,0,0,0,0
35480,0,4,9,12,5,0,11,0,0,0,0,0,0
57306,0,1,0,0,0,0,0,0,0,0,0,0,0
57220,0,1,0,0,0,0,0,0,0,0,0,0,0
35487,0,2,0,0,0,4,1,0,2,0,0,0,0
1204,0,1,0,0,0,0,0,0,0,0,0,0,0
112129,0,4,0,0,0,0,0,0,0,0,0,0,0
121650,0,6,7,4,2,3,12,5,3,0,0,0,0
26142,0,1,0,0,2,4,11,6,0,3,0,0,0
117805,0,2,8,1,8,0,0,0,0,0,0,0,0
100272,0,2,1,2,2,3,0,2,0,0,0,0,0
125643,0,4,0,0,0,0,0,0,0,0,0,0,0
99987,0,1,1,3,0,6,3,3,4,2,0,0,0
95204,0,2,1,1,3,0,5,7,4,0,0,0,0
115020,0,10,0,0,0,0,0,0,0,0,0,0,0
107243,0,1,0,0,0,0,0,0,0,0,0,0,0
117537,0,1,1,0,0,1,0,1,0,2,0,0,0
361,0,1,5,0,0,0,0,0,0,0,0,0,0
121770,0,1,0,2,1,4,1,3,3,0,0,0,0
118647,0,4,1,0,3,0,2,56,0,0,0,0,0
123990,0,2,0,4,6,0,7,4,4,0,0,0,0
125515,0,2,0,3,0,1,7,4,0,1,0,0,0
112181,0,2,0,0,0,3,0,16,0,1,0,0,0
125883,0,1,0,0,2,0,0,3,0,0,0,0,0
121736,0,2,14,9,9,0,0,3,0,4,0,0,0
121076,0,1,10,10,21,0,27,12,2,0,0,0,0
105396,0,3,0,0,4,0,0,13,4,1,0,0,0
122768,0,1,0,1,2,0,0,2,2,0,0,0,0
108845,0,4,0,0,1,0,0,0,0,0,0,0,0
125674,0,4,0,2,1,0,0,8,3,1,0,0,0
113512,0,1,0,0,0,0,0,0,0,0,0,0,0
105774,0,2,1,0,3,0,0,0,0,0,0,0,0
37944,0,1,2,1,3,2,0,0,0,0,0,0,0
117099,0,1,0,0,0,0,0,0,0,0,0,0,0
114120,0,1,0,0,0,0,0,0,0,0,0,0,0
124201,0,11,8,0,2,0,3,5,0,2,0,0,0
113901,0,1,0,0,0,0,0,0,0,0,0,0,0
35135,0,1,0,0,0,0,0,0,0,0,0,0,0
113618,0,7,0,2,2,0,0,0,2,0,0,0,0
121048,0,1,1,7,9,2,3,23,0,0,0,0,0
121620,0,2,0,6,0,0,0,14,0,0,0,0,0
104465,0,1,0,0,0,0,1,0,0,0,0,0,0
111686,0,3,0,1,0,0,0,0,0,0,0,0,0
124167,0,1,0,0,0,0,0,0,0,0,0,0,0
20240,0,1,0,0,0,0,0,0,0,0,0,0,0
117634,0,12,10,0,0,13,0,3,0,0,0,0,0
112591,0,1,0,0,5,0,6,21,9,0,0,0,0
113541,0,2,0,0,0,0,0,0,0,0,0,0,0
115088,0,1,0,0,0,0,0,0,0,0,0,0,0
121711,0,2,0,0,0,0,0,0,0,0,0,0,0
124630,0,5,0,12,16,12,28,4,7,0,0,0,0
112662,0,1,0,0,8,0,5,12,6,0,0,0,0
12443,0,2,1,2,0,4,6,0,1,0,0,0,0
94255,0,1,0,0,0,0,0,0,0,0,0,0,0
14949,0,1,2,1,0,7,9,3,0,0,0,0,0
125772,0,1,1,0,0,4,0,0,0,0,0,0,0
120115,0,1,0,0,0,0,0,0,0,0,0,0,0
104471,0,2,0,1,0,0,0,0,0,0,0,0,0
113656,0,1,1,0,0,0,0,0,0,0,0,0,0
126391,0,9,0,0,0,0,0,0,0,0,0,0,0
115086,0,1,0,0,0,0,0,0,0,0,0,0,0
105355,0,2,0,0,9,5,2,5,5,0,0,0,0
121436,0,2,0,0,0,0,0,0,0,0,0,0,0
113744,0,2,0,0,0,0,0,0,0,0,0,0,0
12388,0,2,1,1,0,4,2,0,1,0,0,0,0
105540,0,1,0,0,0,0,0,0,0,0,0,0,0
104765,0,1,1,0,3,2,0,0,0,0,0,0,0
118880,0,3,0,1,0,0,0,0,0,0,0,0,0
122329,0,1,0,0,0,0,0,0,0,0,0,0,0
102542,0,2,11,9,0,24,4,9,7,4,0,0,0
119087,0,1,0,3,2,16,0,1,0,0,0,0,0
117143,0,1,0,0,0,0,0,0,0,0,0,0,0
118610,0,1,0,0,0,1,1,0,0,0,0,0,0
117384,0,1,0,0,0,0,0,0,0,0,0,0,0
105661,0,1,3,0,0,0,0,0,0,0,0,0,0
104425,0,1,0,0,0,0,0,0,0,0,0,0,0
111404,0,1,6,4,0,0,4,0,0,0,0,0,0
117203,0,1,1,0,4,0,4,12,1,0,0,0,0
113021,0,1,0,0,16,5,2,8,2,0,0,0,0
101229,0,2,0,3,0,0,0,0,0,0,0,0,0
121054,0,2,0,0,0,0,0,0,0,0,0,0,0
118116,0,1,16,0,0,0,0,0,0,0,0,0,0
103961,0,7,6,13,4,31,31,7,0,0,0,0,0
126376,0,2,0,0,0,0,0,0,0,0,0,0,0
117820,0,1,0,0,0,0,0,0,0,0,0,0,0
105205,0,5,0,0,0,0,2,2,0,0,0,0,0
111746,0,9,3,2,4,0,0,0,0,0,0,0,0
113082,0,4,4,0,0,0,0,0,0,0,0,0,0
113084,0,5,6,2,1,0,0,0,0,0,0,0,0
124749,0,4,1,1,1,0,7,2,0,0,0,0,0
15797,0,1,1,1,0,9,1,0,3,0,0,0,0
124480,0,5,0,0,0,0,0,0,0,0,0,0,0
117810,0,6,3,0,0,0,0,0,0,0,0,0,0
111885,0,4,6,2,2,0,12,0,0,0,0,0,0
113485,0,2,1,2,1,2,1,0,0,0,0,0,0
8981,0,6,0,7,0,0,0,0,0,0,0,0,0
111782,0,2,1,0,3,0,1,16,2,0,0,0,0
114993,0,2,1,12,15,5,17,8,7,0,0,0,0
113091,0,2,0,0,0,0,0,0,0,0,0,0,0
114778,0,2,0,0,0,0,0,0,0,0,0,0,0
19583,0,3,0,0,0,0,0,0,0,0,0,0,0
117465,0,3,1,4,0,0,0,0,0,0,0,0,0
127188,0,1,1,0,0,0,0,0,0,0,0,0,0
120113,0,4,0,0,0,0,0,0,0,0,0,0,0
104853,0,1,2,3,0,2,12,9,0,0,0,0,0
117024,0,1,0,1,0,0,0,0,0,0,0,0,0
112771,0,1,4,17,3,13,4,1,1,0,0,0,0
116906,0,3,1,0,3,1,0,0,0,0,0,0,0
116217,0,2,0,3,0,9,0,19,0,3,0,0,0
106565,0,3,0,3,0,8,6,4,0,0,0,0,0
115587,0,3,0,0,12,6,0,6,0,0,0,0,0
122560,0,3,1,0,0,0,0,0,0,0,0,0,0
121138,0,1,0,0,0,5,0,0,6,0,0,0,0
116350,0,2,0,1,0,0,2,3,1,0,0,0,0
113565,0,4,0,0,11,0,4,11,3,0,0,0,0
127374,0,1,5,0,7,8,0,4,12,0,0,0,0
127388,0,1,0,0,0,0,0,0,0,0,0,0,0
122732,0,6,0,0,0,0,0,0,0,0,0,0,0
103479,0,1,0,1,2,3,0,11,2,0,0,0,0
113621,0,2,0,0,0,0,0,0,0,0,0,0,0
101711,0,3,0,0,0,0,4,3,0,0,0,0,0
118740,0,1,0,0,2,0,0,0,0,0,0,0,0
117417,0,1,0,0,4,0,0,0,0,0,0,0,0
122690,0,2,0,0,1,0,0,9,0,0,0,0,0
113081,0,2,4,0,0,0,0,0,0,0,0,0,0
117381,0,2,9,6,6,0,10,17,6,0,0,0,0
125480,0,5,0,0,0,0,0,0,0,0,0,0,0
116375,0,1,0,0,0,0,0,0,0,0,0,0,0
116996,0,4,0,0,2,1,0,4,4,0,0,0,0
125746,0,14,7,4,0,3,11,7,11,0,0,0,0
103047,0,5,5,0,0,4,12,0,2,0,0,0,0
124071,0,1,3,9,0,3,0,4,0,0,0,0,0
126981,0,2,3,4,0,2,8,7,9,0,0,0,0
94234,0,4,1,0,3,10,0,0,4,0,0,0,0
116707,0,2,3,2,1,0,0,3,4,0,0,0,0
114065,0,2,2,0,5,0,0,3,0,0,0,0,0
114418,0,1,0,0,0,0,0,0,0,0,0,0,0
1788,0,1,1,0,2,1,8,4,0,0,0,0,0
115608,0,1,0,0,0,0,0,0,0,0,0,0,0
113150,0,3,0,0,0,0,0,0,0,0,0,0,0
116259,0,2,1,0,11,1,11,3,0,0,0,0,0
113359,0,6,11,0,5,0,19,0,3,1,0,0,0
111879,0,3,0,0,0,0,0,0,0,0,0,0,0
113605,0,1,2,0,9,0,0,0,2,0,0,0,0
410,0,1,1,0,4,0,8,13,0,0,0,0,0
104228,0,2,0,0,0,0,0,0,0,0,0,0,0
125267,0,1,0,2,0,0,0,0,0,0,0,0,0
114090,0,4,7,8,2,8,12,5,6,0,0,0,0
104731,0,1,0,4,0,0,0,11,0,0,0,0,0
119466,0,5,10,2,1,2,0,10,7,0,0,0,0
104214,0,6,1,22,5,0,0,10,3,0,0,0,0
117288,0,1,0,0,0,0,0,0,0,0,0,0,0
115346,0,0,1,0,0,0,0,9,0,0,0,0,0
116762,0,0,1,0,0,0,0,0,0,0,0,0,0
106823,0,0,1,0,3,1,8,0,2,0,0,0,0
113498,0,0,2,0,0,0,0,0,0,0,0,0,0
117782,0,0,7,5,0,7,9,11,12,0,0,0,0
121564,0,0,1,0,0,0,0,3,0,0,0,0,0
116892,0,0,3,0,4,0,5,0,0,0,0,0,0
117925,0,0,16,0,6,7,9,3,0,0,0,0,0
112775,0,0,6,0,2,0,0,14,0,3,0,0,0
117837,0,0,3,4,0,0,0,0,0,0,0,0,0
118504,0,0,2,0,0,0,0,0,0,0,0,0,0
123391,0,0,2,0,1,1,0,7,5,0,1,0,0
112883,0,0,2,0,0,0,0,0,0,0,0,0,0
113755,0,0,2,0,0,0,0,0,0,0,0,0,0
117509,0,0,4,4,10,0,1,6,11,0,0,0,0
1280,0,0,11,0,0,0,0,0,0,0,0,0,0
39854,0,0,1,0,0,0,0,0,0,0,0,0,0
113691,0,0,2,0,0,0,0,1,0,0,0,0,0
103051,0,0,2,1,0,0,4,8,0,0,0,0,0
116924,0,0,1,0,0,0,0,2,0,0,0,0,0
102768,0,0,5,0,0,0,6,5,0,0,0,0,0
116601,0,0,5,1,0,0,1,0,0,0,0,0,0
103048,0,0,4,0,0,0,0,0,0,0,0,0,0
116143,0,0,1,0,0,0,0,0,0,0,0,0,0
124777,0,0,4,0,0,0,0,0,0,0,0,0,0
115004,0,0,2,0,0,0,0,0,0,0,0,0,0
116131,0,0,1,0,0,0,0,12,0,0,0,0,0
105098,0,0,2,0,0,0,0,0,0,0,0,0,0
128941,0,0,1,0,0,0,4,0,0,0,0,0,0
127093,0,0,2,0,0,0,0,2,0,0,0,0,0
119779,0,0,1,0,0,0,0,0,0,0,0,0,0
119722,0,0,1,0,0,0,0,0,0,0,0,0,0
114698,0,0,2,3,0,0,0,5,0,0,0,0,0
117576,0,0,3,1,0,0,0,0,0,0,0,0,0
118853,0,0,1,0,0,0,0,0,0,0,0,0,0
117550,0,0,1,1,0,0,0,1,0,0,0,0,0
13003,0,0,1,0,0,0,0,0,0,0,0,0,0
128325,0,0,4,0,0,0,0,0,0,0,0,0,0
112024,0,0,1,0,0,0,0,0,0,0,0,0,0
124538,0,0,2,0,8,0,2,14,0,0,0,0,0
120696,0,0,3,0,0,18,13,4,0,0,0,0,0
103429,0,0,9,1,0,0,3,1,2,0,0,0,0
111531,0,0,1,0,0,0,0,0,0,0,0,0,0
116322,0,0,2,2,0,5,5,3,0,0,0,0,0
105737,0,0,4,3,0,11,4,8,3,0,0,0,0
117929,0,0,12,0,6,1,0,2,0,0,0,0,0
16228,0,0,5,2,0,3,0,8,1,0,0,0,0
116774,0,0,1,12,3,17,0,29,2,0,0,0,0
39714,0,0,1,1,1,0,5,8,0,0,0,0,0
116100,0,0,1,0,2,1,2,49,0,0,0,0,0
115584,0,0,1,1,1,2,5,1,0,0,0,0,0
111650,0,0,6,0,14,0,0,0,0,5,0,0,0
102935,0,0,3,0,20,0,7,3,1,0,0,0,0
106412,0,0,2,0,0,0,4,0,0,0,0,0,0
117340,0,0,1,0,0,0,0,0,0,0,0,0,0
118393,0,0,2,0,0,0,0,0,0,0,0,0,0
104509,0,0,1,0,4,0,1,0,0,0,0,0,0
105435,0,0,1,0,0,0,0,0,0,0,0,0,0
104949,0,0,1,2,1,0,7,5,0,0,0,0,0
122942,0,0,1,0,0,0,0,0,0,0,0,0,0
114298,0,0,1,3,0,0,6,0,0,0,0,0,0
116422,0,0,2,0,1,7,8,1,3,0,0,0,0
103314,0,0,13,1,1,1,2,2,1,0,0,0,0
115432,0,0,1,1,0,0,0,0,0,0,0,0,0
114268,0,0,15,2,5,4,5,6,0,0,0,0,0
124055,0,0,2,0,3,0,0,0,4,0,0,0,0
129464,0,0,2,0,0,0,0,0,0,0,0,0,0
113809,0,0,1,6,0,0,11,3,0,0,0,0,0
129474,0,0,4,19,2,0,15,28,0,1,0,0,0
125835,0,0,2,0,4,0,0,0,0,0,0,0,0
113506,0,0,5,0,6,1,11,0,4,0,0,0,0
118509,0,0,6,2,7,6,0,6,3,0,0,0,0
113245,0,0,5,3,0,5,1,0,0,0,0,0,0
1300,0,0,6,0,7,0,0,2,2,0,0,0,0
113805,0,0,12,0,4,0,0,0,0,0,0,0,0
124000,0,0,1,0,0,0,0,0,0,0,0,0,0
119766,0,0,3,0,0,0,0,0,0,0,0,0,0
94389,0,0,11,0,0,0,0,0,0,0,0,0,0
31879,0,0,1,1,5,0,6,7,4,0,0,0,0
113674,0,0,1,0,0,0,0,0,0,0,0,0,0
112956,0,0,1,0,0,1,0,0,0,0,0,0,0
127147,0,0,1,0,0,0,0,0,0,0,0,0,0
116509,0,0,4,0,0,0,0,0,0,0,0,0,0
123825,0,0,5,8,8,0,15,10,0,6,0,0,0
122172,0,0,4,7,24,0,8,13,0,0,0,0,0
127537,0,0,3,0,0,0,0,0,0,0,0,0,0
107586,0,0,1,0,0,0,0,3,0,0,0,0,0
122250,0,0,4,6,10,0,1,10,1,0,0,0,0
106190,0,0,13,14,29,0,0,0,0,0,0,0,0
478,0,0,3,0,23,0,0,18,0,0,0,0,0
112527,0,0,2,0,0,0,0,30,3,0,0,0,0
117538,0,0,2,1,0,0,0,0,0,0,0,0,0
102671,0,0,1,5,0,7,3,11,0,0,0,0,0
117832,0,0,3,2,1,3,5,7,0,0,0,0,0
117387,0,0,2,2,1,3,0,2,3,0,0,0,0
117062,0,0,4,1,1,0,2,4,1,0,0,0,0
118567,0,0,1,0,0,0,0,0,0,0,0,0,0
116343,0,0,5,2,5,1,3,4,0,0,0,0,0
118138,0,0,1,0,0,0,0,0,0,0,0,0,0
118278,0,0,1,0,0,0,0,0,0,0,0,0,0
124830,0,0,4,0,0,0,0,0,0,0,0,0,0
113892,0,0,3,0,0,0,0,0,0,0,0,0,0
112383,0,0,1,0,3,2,5,6,0,0,0,0,0
113346,0,0,6,11,0,8,1,4,3,0,0,0,0
42233,0,0,1,0,0,7,1,4,0,0,0,0,0
106117,0,0,1,0,0,0,0,0,0,0,0,0,0
117842,0,0,2,1,1,2,0,8,2,0,0,0,0
32157,0,0,1,0,0,0,0,0,0,0,0,0,0
510,0,0,4,0,11,0,0,0,4,0,0,0,0
26695,0,0,3,3,0,3,5,4,2,0,0,0,0
611,0,0,1,0,0,0,0,0,0,0,0,0,0
79559,0,0,2,1,0,0,0,0,0,0,0,0,0
124846,0,0,1,1,0,0,0,0,0,0,0,0,0
125992,0,0,1,0,0,0,0,0,3,0,0,0,0
113493,0,0,1,0,0,0,0,0,0,0,0,0,0
34352,0,0,1,0,0,0,0,0,0,0,0,0,0
113503,0,0,1,0,0,0,0,0,0,0,0,0,0
122379,0,0,5,7,0,1,10,8,4,0,0,0,0
125869,0,0,1,0,0,0,0,0,0,0,0,0,0
124084,0,0,2,0,1,0,0,0,0,0,0,0,0
116132,0,0,1,0,0,2,0,0,0,0,0,0,0
124717,0,0,1,0,0,0,0,0,0,0,0,0,0
124036,0,0,3,0,0,0,0,0,3,0,0,0,0
116339,0,0,3,1,0,0,1,0,0,0,0,0,0
124163,0,0,7,5,0,5,0,8,3,0,0,0,0
120806,0,0,10,0,5,10,11,2,0,0,0,0,0
116765,0,0,3,0,0,0,0,2,0,0,0,0,0
127153,0,0,1,0,0,0,0,0,0,0,0,0,0
117574,0,0,1,0,0,0,0,0,0,0,0,0,0
119000,0,0,1,2,1,0,2,5,0,0,0,0,0
126056,0,0,14,0,1,9,11,1,0,0,0,0,0
111282,0,0,2,0,0,0,0,0,0,0,0,0,0
119417,0,0,2,8,3,5,0,1,0,0,0,0,0
38237,0,0,2,0,1,0,0,0,0,0,0,0,0
103720,0,0,2,1,0,0,0,0,0,0,0,0,0
126553,0,0,5,0,6,0,0,0,0,0,0,0,0
112756,0,0,1,0,2,0,0,0,0,0,0,0,0
117771,0,0,7,8,11,1,6,0,0,0,0,0,0
103151,0,0,1,0,0,0,0,0,0,0,0,0,0
35475,0,0,3,3,0,2,1,0,0,0,0,0,0
11758,0,0,4,0,1,2,0,0,0,0,0,0,0
107116,0,0,1,0,0,0,0,0,0,0,0,0,0
115591,0,0,1,1,0,9,0,0,0,0,0,0,0
116832,0,0,3,4,0,0,0,13,2,0,0,0,0
116836,0,0,4,2,0,3,5,6,2,0,0,0,0
114870,0,0,1,5,0,2,0,0,0,0,0,0,0
116824,0,0,13,0,0,0,0,13,0,0,0,0,0
113865,0,0,1,0,0,0,0,0,0,0,0,0,0
116466,0,0,3,1,4,0,0,11,0,0,0,0,0
106406,0,0,2,0,0,0,0,3,0,0,0,0,0
116582,0,0,2,0,0,0,0,6,0,0,0,0,0
94262,0,0,1,1,0,0,0,1,0,0,0,0,0
111999,0,0,20,8,0,27,1,4,0,0,0,0,0
125854,0,0,1,6,0,0,6,0,1,0,0,0,0
120120,0,0,1,0,1,0,0,0,0,0,0,0,0
113269,0,0,1,0,0,0,0,0,0,1,0,0,0
1197,0,0,1,0,0,0,0,0,0,0,0,0,0
122492,0,0,2,0,0,0,0,0,0,0,0,0,0
118589,0,0,2,0,0,0,0,0,0,0,0,0,0
117690,0,0,1,8,0,9,7,5,0,0,0,0,0
125072,0,0,1,0,0,0,0,0,0,0,0,0,0
116571,0,0,1,1,1,0,0,0,0,0,0,0,0
12385,0,0,5,0,19,6,6,4,6,0,0,0,0
104099,0,0,1,0,0,0,0,1,0,0,0,0,0
116119,0,0,1,0,0,0,7,4,0,0,0,0,0
106603,0,0,2,0,0,0,5,3,2,0,0,0,0
113824,0,0,1,0,0,14,5,2,0,0,0,0,0
11421,0,0,1,0,0,0,0,0,0,0,0,0,0
123877,0,0,2,0,1,0,4,3,0,0,0,0,0
116505,0,0,2,0,1,0,1,5,0,0,0,0,0
129764,0,0,1,0,0,0,0,0,0,0,0,0,0
115302,0,0,1,0,0,0,0,0,0,0,0,0,0
129823,0,0,1,0,0,0,0,0,0,0,0,0,0
107966,0,0,1,0,0,0,0,0,0,0,0,0,0
119344,0,0,7,0,0,0,0,0,0,0,0,0,0
117391,0,0,2,3,2,7,0,10,1,0,0,0,0
118202,0,0,3,0,0,0,0,0,0,0,0,0,0
153,0,0,4,0,0,0,0,0,0,0,0,0,0
116591,0,0,3,0,1,3,0,10,5,0,0,0,0
129062,0,0,1,0,7,12,0,2,3,0,0,0,0
106815,0,0,1,0,0,7,10,3,0,0,0,0,0
116449,0,0,1,0,0,6,6,0,3,0,0,0,0
105599,0,0,1,0,0,6,10,0,3,0,0,0,0
106427,0,0,1,2,0,6,10,3,0,0,0,0,0
103656,0,0,1,2,0,6,10,3,0,0,0,0,0
21264,0,0,2,0,0,6,10,0,0,0,0,0,0
118697,0,0,3,0,1,0,10,0,1,0,0,0,0
105659,0,0,1,0,0,0,0,0,0,0,0,0,0
101650,0,0,2,0,0,0,16,17,0,0,0,0,0
105968,0,0,1,0,0,0,0,0,0,0,0,0,0
122825,0,0,1,0,0,0,0,0,0,0,0,0,0
118079,0,0,1,2,0,0,0,0,0,0,0,0,0
108537,0,0,1,5,0,3,0,0,0,1,0,0,0
101666,0,0,6,0,0,3,7,10,0,0,0,0,0
9108,0,0,1,6,0,0,0,5,3,0,0,0,0
111745,0,0,2,11,15,6,8,10,1,1,0,0,0
116607,0,0,1,1,0,1,1,0,0,0,0,0,0
120537,0,0,2,5,7,1,4,1,0,0,0,0,0
116488,0,0,12,0,3,5,1,3,0,0,0,0,0
116736,0,0,1,0,4,0,0,2,0,0,0,0,0
116743,0,0,5,3,0,6,9,0,6,0,0,0,0
119146,0,0,2,0,0,0,0,0,0,0,0,0,0
112871,0,0,2,0,0,0,0,1,0,0,0,0,0
105514,0,0,1,0,0,0,0,12,0,0,0,0,0
118692,0,0,1,0,0,0,0,0,0,0,0,0,0
118253,0,0,3,0,1,0,3,14,1,1,0,0,0
119604,0,0,1,0,0,0,0,1,0,0,0,0,0
130329,0,0,2,0,1,9,10,1,0,0,0,0,0
129458,0,0,1,0,0,0,0,0,0,0,0,0,0
130814,0,0,2,2,4,0,0,0,0,0,0,0,0
130694,0,0,2,2,1,20,9,0,7,0,0,0,0
130614,0,0,2,2,1,7,4,0,4,0,0,0,0
130327,0,0,2,1,1,0,9,0,0,0,0,0,0
130455,0,0,2,3,1,9,5,0,1,0,0,0,0
111600,0,0,1,2,1,3,12,0,3,0,0,0,0
15467,0,0,1,0,0,0,1,2,0,0,0,0,0
124882,0,0,1,9,1,16,7,4,3,0,0,0,0
118838,0,0,3,0,0,0,0,0,0,0,0,0,0
52200,0,0,2,1,0,0,0,0,0,0,0,0,0
104073,0,0,3,4,0,5,15,0,0,0,0,0,0
4381,0,0,2,0,0,0,0,9,9,0,0,0,0
105417,0,0,6,12,1,17,6,2,3,0,0,0,0
118888,0,0,1,0,1,0,0,4,0,0,0,0,0
102443,0,0,1,2,0,0,7,7,0,0,0,0,0
104749,0,0,1,0,0,0,0,0,0,0,0,0,0
114541,0,0,1,0,0,0,0,0,0,0,0,0,0
131057,0,0,1,0,2,0,6,4,3,0,0,0,0
108120,0,0,1,0,0,0,0,0,0,0,0,0,0
104743,0,0,1,0,1,0,0,0,0,0,0,0,0
130347,0,0,1,2,0,0,2,0,0,0,0,0,0
130333,0,0,1,0,1,0,3,0,0,0,0,0,0
118298,0,0,6,5,0,0,20,3,0,0,0,0,0
116664,0,0,1,0,0,0,0,0,0,0,0,0,0
124688,0,0,1,0,0,0,2,1,0,0,0,0,0
119075,0,0,2,10,7,19,1,0,0,0,0,0,0
109242,0,0,1,0,0,5,6,0,0,0,0,0,0
112021,0,0,2,0,0,0,0,0,0,0,0,0,0
116436,0,0,1,3,0,0,1,16,3,0,0,0,0
34784,0,0,1,1,0,0,0,0,0,0,0,0,0
118513,0,0,1,0,0,0,0,15,0,0,0,0,0
32605,0,0,3,3,1,5,3,0,0,0,0,0,0
101189,0,0,2,0,0,0,11,18,10,0,0,0,0
130470,0,0,1,0,0,0,2,0,0,0,0,0,0
125878,0,0,1,0,2,0,0,5,0,0,0,0,0
116545,0,0,3,0,0,6,8,8,3,0,0,0,0
105388,0,0,2,0,0,0,0,0,4,0,0,0,0
104846,0,0,0,1,0,0,0,28,5,0,0,0,0
105639,0,0,0,2,1,4,5,4,1,0,0,0,0
2974,0,0,0,2,3,0,0,0,0,0,0,0,0
120107,0,0,0,4,0,2,3,9,3,0,0,0,0
112061,0,0,0,3,2,0,2,1,0,0,0,0,0
116740,0,0,0,2,4,18,5,7,0,0,0,0,0
116432,0,0,0,1,0,9,0,0,0,0,0,0,0
118268,0,0,0,1,0,7,0,11,3,0,0,0,0
119285,0,0,0,2,5,0,0,0,0,0,0,0,0
101302,0,0,0,2,0,0,0,0,0,0,0,0,0
123938,0,0,0,1,0,0,0,0,0,0,0,0,0
125765,0,0,0,1,0,0,0,1,0,0,0,0,0
118861,0,0,0,1,6,15,6,1,6,0,0,0,0
101355,0,0,0,2,0,2,0,0,3,0,0,0,0
111595,0,0,0,2,1,1,0,6,3,0,0,0,0
105079,0,0,0,1,0,0,0,0,0,0,0,0,0
130218,0,0,0,2,1,0,6,6,0,0,0,0,0
131317,0,0,0,3,2,0,6,3,0,0,0,0,0
132063,0,0,0,2,2,0,8,0,3,0,0,0,0
116118,0,0,0,2,0,4,3,0,2,0,0,0,0
111755,0,0,0,1,0,0,0,0,0,0,0,0,0
117789,0,0,0,9,5,0,0,0,0,0,0,0,0
117851,0,0,0,7,4,9,6,1,3,0,0,0,0
40713,0,0,0,1,0,0,0,0,0,0,0,0,0
130707,0,0,0,1,0,0,0,10,3,0,0,0,0
113887,0,0,0,3,7,0,0,0,0,0,0,0,0
117826,0,0,0,10,0,2,0,0,0,0,0,0,0
38285,0,0,0,1,0,20,18,11,0,0,0,0,0
101675,0,0,0,3,0,0,3,3,6,0,0,0,0
116990,0,0,0,7,0,2,9,5,0,0,0,0,0
103039,0,0,0,4,0,0,5,0,0,0,0,0,0
103761,0,0,0,4,0,2,0,0,0,0,0,0,0
130449,0,0,0,14,0,0,13,0,0,0,0,0,0
105998,0,0,0,5,0,3,5,6,2,0,0,0,0
130393,0,0,0,2,3,0,11,0,1,0,0,0,0
21112,0,0,0,3,0,7,0,4,0,0,0,0,0
112708,0,0,0,1,0,0,0,0,0,0,0,0,0
116684,0,0,0,2,0,0,0,0,0,0,0,0,0
130384,0,0,0,2,0,0,6,6,0,0,0,0,0
116623,0,0,0,2,0,0,0,2,0,0,0,0,0
116603,0,0,0,2,0,0,0,2,0,0,0,0,0
2744,0,0,0,5,0,0,0,15,5,0,0,0,0
120557,0,0,0,5,0,6,5,0,0,0,0,0,0
130824,0,0,0,2,0,0,0,1,0,0,0,0,0
103944,0,0,0,1,0,11,0,0,0,0,0,0,0
94149,0,0,0,1,0,2,0,6,0,0,0,0,0
113954,0,0,0,1,0,0,0,0,0,0,0,0,0
104317,0,0,0,1,0,8,0,0,0,0,0,0,0
108368,0,0,0,2,0,3,0,14,0,0,0,0,0
103719,0,0,0,1,5,5,27,0,6,0,0,0,0
120048,0,0,0,1,0,0,0,2,0,0,0,0,0
113592,0,0,0,1,0,0,0,0,0,0,0,0,0
31817,0,0,0,1,1,0,0,6,0,0,0,0,0
94148,0,0,0,8,0,0,0,0,0,0,0,0,0
130350,0,0,0,2,6,5,8,3,0,0,0,0,0
2771,0,0,0,3,0,0,0,31,2,0,0,0,0
116708,0,0,0,4,0,2,7,0,0,0,0,0,0
116323,0,0,0,5,0,0,0,0,0,0,0,0,0
114054,0,0,0,1,0,0,0,0,0,0,0,0,0
102676,0,0,0,3,0,0,6,8,5,0,0,0,0
117477,0,0,0,3,0,3,0,0,0,0,0,0,0
121758,0,0,0,1,0,0,0,0,0,0,0,0,0
116525,0,0,0,1,0,4,0,0,4,0,0,0,0
124118,0,0,0,1,0,0,0,0,0,0,0,0,0
117860,0,0,0,6,0,3,0,0,0,0,0,0,0
113637,0,0,0,1,0,0,0,0,0,0,0,0,0
17872,0,0,0,1,0,0,2,0,0,0,0,0,0
117427,0,0,0,1,0,0,0,1,0,0,0,0,0
120724,0,0,0,1,0,0,4,0,0,0,0,0,0
116592,0,0,0,3,0,3,5,7,2,0,0,0,0
116778,0,0,0,4,5,0,0,0,0,0,0,0,0
111949,0,0,0,1,3,6,5,13,3,0,0,0,0
129756,0,0,0,16,2,0,4,20,5,0,0,0,0
113368,0,0,0,1,0,0,0,0,0,0,0,0,0
111413,0,0,0,2,0,2,0,0,3,0,0,0,0
119416,0,0,0,1,0,0,0,0,0,0,0,0,0
118827,0,0,0,1,1,0,0,4,0,0,0,0,0
118980,0,0,0,4,0,0,4,3,0,0,0,0,0
106864,0,0,0,7,2,0,6,7,1,0,0,0,0
129746,0,0,0,7,1,0,1,20,6,0,0,0,0
4639,0,0,0,1,0,0,0,0,0,0,0,0,0
116909,0,0,0,1,0,2,2,4,0,0,0,0,0
17903,0,0,0,1,0,0,0,0,0,0,0,0,0
130845,0,0,0,4,2,22,2,9,0,0,0,0,0
130828,0,0,0,2,0,0,3,0,0,0,0,0,0
130890,0,0,0,3,0,11,6,0,3,0,0,0,0
130364,0,0,0,1,0,0,3,0,0,0,0,0,0
129148,0,0,0,10,4,0,0,16,5,0,0,0,0
129198,0,0,0,4,2,17,6,4,3,0,0,0,0
120826,0,0,0,2,0,0,0,11,1,0,0,0,0
131353,0,0,0,1,0,0,0,0,0,0,0,0,0
129232,0,0,0,3,9,0,0,0,0,0,0,0,0
132141,0,0,0,3,0,0,0,0,0,0,0,0,0
113609,0,0,0,1,0,0,0,0,0,0,0,0,0
130446,0,0,0,3,0,0,0,0,0,0,0,0,0
118648,0,0,0,2,0,0,0,0,0,0,0,0,0
118133,0,0,0,2,1,0,14,0,1,0,0,0,0
118573,0,0,0,13,0,0,10,5,0,0,0,0,0
105586,0,0,0,1,0,0,5,4,2,0,0,0,0
119870,0,0,0,1,0,2,2,0,0,0,0,0,0
103998,0,0,0,5,2,0,7,3,0,1,0,0,0
130372,0,0,0,2,2,5,0,3,4,0,0,0,0
115377,0,0,0,5,1,0,0,0,0,0,0,0,0
90164,0,0,0,3,1,0,0,0,0,0,0,0,0
115234,0,0,0,5,2,0,0,0,0,0,0,0,0
125018,0,0,0,3,0,0,0,0,0,0,0,0,0
115326,0,0,0,9,4,0,0,0,0,0,0,0,0
118266,0,0,0,1,3,0,0,5,1,0,0,0,0
115347,0,0,0,2,0,0,0,0,0,0,0,0,0
122227,0,0,0,2,0,0,0,9,0,0,0,0,0
120853,0,0,0,3,0,0,12,8,0,0,0,0,0
114318,0,0,0,2,0,0,0,3,0,0,0,0,0
116724,0,0,0,1,0,0,0,8,0,0,0,0,0
113475,0,0,0,2,2,9,5,0,0,1,0,0,0
103846,0,0,0,1,0,0,0,0,0,0,0,0,0
100503,0,0,0,2,0,0,0,0,0,0,0,0,0
122806,0,0,0,1,0,0,1,0,0,0,0,0,0
106482,0,0,0,5,1,0,0,1,0,0,0,0,0
103501,0,0,0,1,0,0,2,1,0,0,0,0,0
113627,0,0,0,8,0,0,0,13,8,0,0,0,0
118421,0,0,0,1,5,0,0,0,0,0,0,0,0
101943,0,0,0,3,0,0,0,12,0,2,0,0,0
94236,0,0,0,3,0,0,0,0,1,0,0,0,0
105584,0,0,0,1,1,0,0,7,0,0,0,0,0
100554,0,0,0,4,0,0,0,0,0,0,0,0,0
114769,0,0,0,3,0,0,0,0,0,0,0,0,0
31843,0,0,0,2,0,0,0,0,0,0,0,0,0
103584,0,0,0,1,2,6,7,4,0,0,0,0,0
105686,0,0,0,1,0,0,0,0,0,0,0,0,0
118200,0,0,0,1,0,0,1,1,0,0,0,0,0
121638,0,0,0,1,0,0,0,0,0,0,0,0,0
119138,0,0,0,1,2,0,0,4,3,0,0,0,0
111241,0,0,0,0,1,0,0,0,0,0,0,0,0
115041,0,0,0,0,1,0,1,1,0,0,0,0,0
102919,0,0,0,0,2,0,0,0,0,0,0,0,0
116552,0,0,0,0,1,0,0,0,0,0,0,0,0
16357,0,0,0,0,1,0,0,1,0,0,0,0,0
35159,0,0,0,0,1,9,4,0,1,1,1,0,0
114798,0,0,0,0,2,0,0,0,0,0,0,0,0
34771,0,0,0,0,1,4,0,0,0,0,0,0,0
119410,0,0,0,0,7,0,0,0,0,0,0,0,0
101967,0,0,0,0,3,0,0,7,0,0,0,0,0
99886,0,0,0,0,1,0,0,6,0,0,0,0,0
130772,0,0,0,0,9,6,9,0,0,0,0,0,0
122228,0,0,0,0,3,12,13,5,0,0,0,0,0
118229,0,0,0,0,3,0,13,15,5,0,0,0,0
120541,0,0,0,0,5,0,2,0,0,0,0,0,0
117774,0,0,0,0,1,0,9,0,2,0,0,0,0
35112,0,0,0,0,5,4,7,0,5,0,0,0,0
114244,0,0,0,0,3,0,0,0,0,0,0,0,0
114043,0,0,0,0,1,0,0,0,0,0,0,0,0
127053,0,0,0,0,3,0,0,11,0,0,0,0,0
127172,0,0,0,0,6,0,0,14,0,5,0,0,0
104013,0,0,0,0,3,0,0,0,0,0,0,0,0
119817,0,0,0,0,2,0,1,0,0,0,0,0,0
117522,0,0,0,0,4,9,9,0,2,0,0,0,0
117519,0,0,0,0,1,15,4,0,3,0,0,0,0
129811,0,0,0,0,9,1,3,1,0,0,0,0,0
117913,0,0,0,0,5,6,1,0,1,0,0,0,0
115249,0,0,0,0,5,0,0,0,0,0,0,0,0
119835,0,0,0,0,2,0,0,2,0,0,0,0,0
116086,0,0,0,0,2,0,0,0,1,0,0,0,0
124215,0,0,0,0,2,0,0,0,0,0,0,0,0
122532,0,0,0,0,5,2,8,0,0,0,0,0,0
118905,0,0,0,0,2,0,0,0,0,0,0,0,0
116513,0,0,0,0,1,0,3,0,0,0,0,0,0
111242,0,0,0,0,2,0,0,0,0,0,0,0,0
118429,0,0,0,0,1,0,5,5,0,2,0,0,0
125928,0,0,0,0,1,0,10,0,0,0,0,0,0
130728,0,0,0,0,2,0,3,2,0,0,0,0,0
101701,0,0,0,0,9,10,7,3,7,0,0,0,0
126187,0,0,0,0,2,0,4,0,0,0,0,0,0
127205,0,0,0,0,5,8,7,0,1,0,0,0,0
122598,0,0,0,0,3,1,1,3,0,0,0,0,0
117282,0,0,0,0,1,0,7,0,0,0,0,0,0
124901,0,0,0,0,1,0,0,0,0,0,0,0,0
12795,0,0,0,0,2,0,1,1,0,0,0,0,0
115390,0,0,0,0,2,0,0,5,0,0,0,0,0
111872,0,0,0,0,7,0,0,3,0,0,0,0,0
105628,0,0,0,0,6,0,0,4,0,0,0,0,0
130129,0,0,0,0,4,0,0,8,9,0,0,0,0
2118,0,0,0,0,1,0,0,8,0,1,0,0,0
125872,0,0,0,0,2,0,4,6,3,0,0,0,0
122151,0,0,0,0,1,0,0,0,0,0,0,0,0
2382,0,0,0,0,1,0,0,0,0,0,0,0,0
106521,0,0,0,0,3,2,4,15,3,0,0,0,0
101965,0,0,0,0,11,0,0,1,0,0,0,0,0
105415,0,0,0,0,1,0,0,0,0,0,0,0,0
103274,0,0,0,0,3,11,1,0,0,0,0,0,0
111729,0,0,0,0,1,5,6,0,4,0,0,0,0
20380,0,0,0,0,1,0,0,0,0,0,0,0,0
106900,0,0,0,0,4,0,0,13,0,0,0,0,0
131843,0,0,0,0,2,0,0,0,0,0,0,0,0
118356,0,0,0,0,5,0,0,0,0,0,0,0,0
131133,0,0,0,0,1,3,0,0,0,0,0,0,0
105918,0,0,0,0,3,6,7,0,1,0,0,0,0
103793,0,0,0,0,14,0,0,0,0,0,0,0,0
118514,0,0,0,0,1,0,0,0,0,0,0,0,0
130812,0,0,0,0,1,1,0,0,2,0,0,0,0
101183,0,0,0,0,1,0,0,2,0,0,0,0,0
107137,0,0,0,0,5,5,0,2,1,0,0,0,0
127143,0,0,0,0,7,0,11,0,2,0,0,0,0
119734,0,0,0,0,2,0,2,4,0,0,0,0,0
116905,0,0,0,0,1,0,0,3,0,0,0,0,0
109204,0,0,0,0,1,0,0,0,0,0,0,0,0
30991,0,0,0,0,1,0,0,0,0,0,0,0,0
5570,0,0,0,0,3,0,0,0,0,0,0,0,0
125967,0,0,0,0,1,0,0,5,0,0,0,0,0
115680,0,0,0,0,3,3,1,5,5,0,0,0,0
106073,0,0,0,0,7,0,0,0,0,0,0,0,0
118090,0,0,0,0,4,0,0,0,0,0,0,0,0
123631,0,0,0,0,2,0,1,0,0,0,0,0,0
117322,0,0,0,0,1,0,5,6,4,0,0,0,0
125984,0,0,0,0,1,0,0,0,0,0,0,0,0
118008,0,0,0,0,4,0,0,0,0,0,0,0,0
29483,0,0,0,0,5,0,0,0,0,0,0,0,0
106071,0,0,0,0,4,0,0,0,0,0,0,0,0
120808,0,0,0,0,2,0,0,0,0,0,0,0,0
114067,0,0,0,0,1,0,0,0,0,0,0,0,0
132319,0,0,0,0,2,0,0,0,0,0,0,0,0
130904,0,0,0,0,1,0,0,6,0,0,0,0,0
102428,0,0,0,0,8,0,0,10,1,0,0,0,0
116347,0,0,0,0,1,0,0,1,4,0,0,0,0
103712,0,0,0,0,1,0,0,0,0,0,0,0,0
124986,0,0,0,0,2,0,4,0,0,0,0,0,0
115238,0,0,0,0,1,4,1,1,1,0,0,0,0
117406,0,0,0,0,1,5,0,0,0,0,0,0,0
125745,0,0,0,0,1,0,0,0,0,0,0,0,0
103457,0,0,0,0,1,0,0,0,0,0,0,0,0
15658,0,0,0,0,1,0,0,0,0,0,0,0,0
114461,0,0,0,0,1,0,0,0,0,0,0,0,0
112619,0,0,0,0,1,0,0,0,6,0,0,0,0
124120,0,0,0,0,1,0,0,1,0,0,0,0,0
116427,0,0,0,0,1,8,0,8,0,0,0,0,0
106231,0,0,0,0,2,3,2,1,0,0,0,0,0
94191,0,0,0,0,11,0,0,3,0,0,0,0,0
55251,0,0,0,0,5,0,6,0,0,0,0,0,0
121872,0,0,0,0,4,1,0,0,0,0,0,0,0
113694,0,0,0,0,1,6,0,1,0,0,0,0,0
106460,0,0,0,0,2,0,3,0,1,0,0,0,0
117438,0,0,0,0,1,0,5,0,0,0,0,0,0
124612,0,0,0,0,1,0,0,0,0,0,0,0,0
118881,0,0,0,0,2,0,0,1,0,0,0,0,0
129595,0,0,0,0,3,0,0,0,0,0,0,0,0
104977,0,0,0,0,7,0,0,0,0,0,0,0,0
113645,0,0,0,0,6,0,1,4,0,0,0,0,0
129274,0,0,0,0,1,0,0,0,0,0,0,0,0
103293,0,0,0,0,1,0,0,0,0,0,0,0,0
116456,0,0,0,0,4,1,0,2,0,0,0,0,0
117302,0,0,0,0,2,0,0,6,0,0,0,0,0
118808,0,0,0,0,0,12,3,3,0,0,0,0,0
111908,0,0,0,0,0,24,0,0,0,0,0,0,0
116457,0,0,0,0,0,1,0,2,0,0,0,0,0
130735,0,0,0,0,0,3,0,13,13,0,0,0,0
104634,0,0,0,0,0,4,0,16,4,4,0,0,0
116431,0,0,0,0,0,1,0,3,0,0,0,0,0
118235,0,0,0,0,0,4,0,0,1,0,0,0,0
126834,0,0,0,0,0,4,9,0,0,0,0,0,0
116809,0,0,0,0,0,10,0,2,0,0,0,0,0
118743,0,0,0,0,0,8,0,5,0,0,0,0,0
116581,0,0,0,0,0,8,0,5,0,0,0,0,0
116429,0,0,0,0,0,7,0,9,0,0,0,0,0
116477,0,0,0,0,0,5,0,2,0,0,0,0,0
116585,0,0,0,0,0,1,1,0,0,0,0,0,0
116506,0,0,0,0,0,6,3,2,0,0,0,0,0
94153,0,0,0,0,0,12,0,1,0,0,0,0,0
128648,0,0,0,0,0,4,0,0,0,0,0,0,0
101689,0,0,0,0,0,1,0,0,0,0,0,0,0
130227,0,0,0,0,0,1,0,0,0,0,0,0,0
103119,0,0,0,0,0,12,0,0,1,0,0,0,0
116523,0,0,0,0,0,3,0,13,4,0,0,0,0
105914,0,0,0,0,0,1,1,8,0,0,0,0,0
30076,0,0,0,0,0,5,1,0,0,0,0,0,0
116461,0,0,0,0,0,4,1,0,0,0,0,0,0
116508,0,0,0,0,0,3,1,0,0,0,0,0,0
108189,0,0,0,0,0,3,0,11,0,0,0,0,0
116532,0,0,0,0,0,2,1,0,0,0,0,0,0
118741,0,0,0,0,0,44,0,0,0,0,0,0,0
105045,0,0,0,0,0,9,6,0,5,0,0,0,0
781,0,0,0,0,0,6,5,0,1,0,0,0,0
122742,0,0,0,0,0,1,0,0,0,0,0,0,0
117279,0,0,0,0,0,23,9,20,0,0,0,0,0
127168,0,0,0,0,0,1,1,0,0,0,0,0,0
105061,0,0,0,0,0,7,6,0,1,1,0,0,0
113689,0,0,0,0,0,1,0,0,0,0,0,0,0
115258,0,0,0,0,0,4,0,0,0,0,0,0,0
115420,0,0,0,0,0,4,0,0,1,0,0,0,0
103854,0,0,0,0,0,1,1,0,0,0,0,0,0
104119,0,0,0,0,0,1,1,0,0,0,0,0,0
116720,0,0,0,0,0,7,0,3,0,0,0,0,0
126001,0,0,0,0,0,4,0,0,0,0,0,0,0
116726,0,0,0,0,0,2,0,2,0,0,0,0,0
105033,0,0,0,0,0,1,6,1,0,0,0,0,0
117053,0,0,0,0,0,5,0,2,0,0,0,0,0
105037,0,0,0,0,0,1,5,0,0,0,0,0,0
81837,0,0,0,0,0,5,5,0,0,0,0,0,0
124102,0,0,0,0,0,5,0,5,0,0,0,0,0
117992,0,0,0,0,0,2,0,8,3,0,0,0,0
113684,0,0,0,0,0,2,1,0,0,0,0,0,0
123613,0,0,0,0,0,5,0,4,0,0,0,0,0
114913,0,0,0,0,0,1,0,0,0,0,0,0,0
117974,0,0,0,0,0,2,0,13,4,0,0,0,0
105058,0,0,0,0,0,1,12,0,0,0,0,0,0
105059,0,0,0,0,0,1,8,0,0,0,0,0,0
103448,0,0,0,0,0,6,0,1,0,0,0,0,0
114789,0,0,0,0,0,1,0,0,0,0,0,0,0
116705,0,0,0,0,0,5,0,4,0,0,0,0,0
125771,0,0,0,0,0,3,0,0,2,0,0,0,0
129401,0,0,0,0,0,1,0,0,0,0,0,0,0
117175,0,0,0,0,0,50,1,4,4,0,0,0,0
116492,0,0,0,0,0,14,0,1,0,0,0,0,0
15405,0,0,0,0,0,5,0,2,0,0,0,0,0
123021,0,0,0,0,0,1,0,0,0,0,0,0,0
116518,0,0,0,0,0,4,4,4,0,0,0,0,0
116595,0,0,0,0,0,4,0,2,1,0,0,0,0
114881,0,0,0,0,0,3,16,0,0,3,0,0,0
117453,0,0,0,0,0,4,0,0,0,0,0,0,0
124006,0,0,0,0,0,1,0,6,0,0,0,0,0
113701,0,0,0,0,0,1,0,0,0,0,0,0,0
107169,0,0,0,0,0,7,0,6,0,0,0,0,0
118640,0,0,0,0,0,3,0,12,3,0,0,0,0
116531,0,0,0,0,0,5,0,3,0,0,0,0,0
116462,0,0,0,0,0,4,0,1,0,0,0,0,0
9722,0,0,0,0,0,2,0,2,0,0,0,0,0
113606,0,0,0,0,0,0,12,0,0,0,0,0,0
115371,0,0,0,0,0,0,8,0,0,0,0,0,0
102956,0,0,0,0,0,0,8,0,0,0,0,0,0
112964,0,0,0,0,0,0,4,3,0,0,0,0,0
17626,0,0,0,0,0,0,2,0,0,0,0,0,0
22502,0,0,0,0,0,0,4,28,3,0,0,0,0
104784,0,0,0,0,0,0,11,0,0,0,0,0,0
122543,0,0,0,0,0,0,8,0,0,0,0,0,0
105776,0,0,0,0,0,0,7,0,0,0,0,0,0
121734,0,0,0,0,0,0,23,0,0,0,0,0,0
105631,0,0,0,0,0,0,10,2,0,0,0,0,0
4534,0,0,0,0,0,0,1,0,0,0,0,0,0
26598,0,0,0,0,0,0,1,2,0,0,0,0,0
121520,0,0,0,0,0,0,7,0,0,0,0,0,0
113219,0,0,0,0,0,0,4,4,0,0,0,0,0
113747,0,0,0,0,0,0,2,1,0,0,0,0,0
130945,0,0,0,0,0,0,1,0,0,0,0,0,0
130979,0,0,0,0,0,0,1,0,0,0,0,0,0
107355,0,0,0,0,0,0,8,0,4,0,0,0,0
116109,0,0,0,0,0,0,4,3,0,0,0,0,0
120871,0,0,0,0,0,0,5,1,0,0,0,0,0
105311,0,0,0,0,0,0,3,1,3,0,0,0,0
118814,0,0,0,0,0,0,5,1,0,0,0,0,0
113255,0,0,0,0,0,0,1,0,0,0,0,0,0
127150,0,0,0,0,0,0,7,0,0,0,0,0,0
116453,0,0,0,0,0,0,4,5,0,0,0,0,0
103498,0,0,0,0,0,0,3,0,0,0,0,0,0
111832,0,0,0,0,0,0,2,0,0,0,0,0,0
106715,0,0,0,0,0,0,9,0,0,3,0,0,0
116584,0,0,0,0,0,0,2,0,0,0,0,0,0
106385,0,0,0,0,0,0,3,0,0,0,0,0,0
104287,0,0,0,0,0,0,3,2,0,0,0,0,0
103558,0,0,0,0,0,0,2,0,0,0,0,0,0
101186,0,0,0,0,0,0,1,7,7,0,0,0,0
105031,0,0,0,0,0,0,3,0,0,0,0,0,0
35225,0,0,0,0,0,0,8,0,0,0,0,0,0
125285,0,0,0,0,0,0,1,0,0,0,0,0,0
106239,0,0,0,0,0,0,5,2,0,0,0,0,0
104488,0,0,0,0,0,0,7,0,0,0,0,0,0
105063,0,0,0,0,0,0,5,1,0,0,0,0,0
124790,0,0,0,0,0,0,4,4,0,0,0,0,0
104810,0,0,0,0,0,0,8,5,0,0,0,0,0
125237,0,0,0,0,0,0,7,0,0,0,0,0,0
103943,0,0,0,0,0,0,1,0,0,0,0,0,0
113308,0,0,0,0,0,0,10,2,0,0,0,0,0
117584,0,0,0,0,0,0,4,4,0,0,0,0,0
127169,0,0,0,0,0,0,1,3,2,0,0,0,0
15070,0,0,0,0,0,0,1,0,0,0,0,0,0
130413,0,0,0,0,0,0,1,0,0,0,0,0,0
120127,0,0,0,0,0,0,18,3,0,0,0,0,0
118451,0,0,0,0,0,0,4,8,0,0,0,0,0
116478,0,0,0,0,0,0,2,0,0,0,0,0,0
125999,0,0,0,0,0,0,2,8,8,0,0,0,0
91118,0,0,0,0,0,0,3,41,23,0,0,0,0
103477,0,0,0,0,0,0,8,5,3,0,0,0,0
114785,0,0,0,0,0,0,3,31,0,0,0,0,0
113973,0,0,0,0,0,0,1,9,2,0,0,0,0
32076,0,0,0,0,0,0,0,2,0,0,0,0,0
106373,0,0,0,0,0,0,0,2,0,0,0,0,0
116893,0,0,0,0,0,0,0,3,0,0,0,0,0
31840,0,0,0,0,0,0,0,1,0,0,0,0,0
116688,0,0,0,0,0,0,0,4,0,0,0,0,0
116741,0,0,0,0,0,0,0,4,0,0,0,0,0
114171,0,0,0,0,0,0,0,1,0,0,0,0,0
116888,0,0,0,0,0,0,0,4,0,0,0,0,0
126368,0,0,0,0,0,0,0,2,0,0,0,0,0
126703,0,0,0,0,0,0,0,1,0,0,0,0,0
106788,0,0,0,0,0,0,0,9,4,0,0,0,0
124787,0,0,0,0,0,0,0,3,0,0,0,0,0
123373,0,0,0,0,0,0,0,1,0,0,0,0,0
117850,0,0,0,0,0,0,0,2,0,1,0,0,0
123962,0,0,0,0,0,0,0,4,0,0,0,0,0
35613,0,0,0,0,0,0,0,2,3,0,0,0,0
117554,0,0,0,0,0,0,0,1,0,0,0,0,0
116399,0,0,0,0,0,0,0,4,0,0,0,0,0
116682,0,0,0,0,0,0,0,2,0,0,0,0,0
105407,0,0,0,0,0,0,0,4,0,0,0,0,0
115419,0,0,0,0,0,0,0,3,0,0,0,0,0
116817,0,0,0,0,0,0,0,5,0,0,0,0,0
119004,0,0,0,0,0,0,0,5,3,0,0,0,0
114791,0,0,0,0,0,0,0,1,0,0,0,0,0
119924,0,0,0,0,0,0,0,2,0,0,0,0,0
101193,0,0,0,0,0,0,0,12,13,0,0,0,0
126062,0,0,0,0,0,0,0,13,0,0,0,0,0
116668,0,0,0,0,0,0,0,2,0,0,0,0,0
126012,0,0,0,0,0,0,0,4,0,0,0,0,0
117993,0,0,0,0,0,0,0,3,0,0,0,0,0
130712,0,0,0,0,0,0,0,6,0,0,0,0,0
116739,0,0,0,0,0,0,0,1,0,0,0,0,0
120046,0,0,0,0,0,0,0,3,0,0,0,0,0
120045,0,0,0,0,0,0,0,1,0,0,0,0,0
120577,0,0,0,0,0,0,0,1,0,0,0,0,0
122475,0,0,0,0,0,0,0,2,0,0,0,0,0
115418,0,0,0,0,0,0,0,9,0,0,0,0,0
106196,0,0,0,0,0,0,0,2,0,0,0,0,0
131510,0,0,0,0,0,0,0,2,0,0,0,0,0
114350,0,0,0,0,0,0,0,7,4,0,0,0,0
103847,0,0,0,0,0,0,0,5,0,0,0,0,0
118279,0,0,0,0,0,0,0,9,3,0,0,0,0
119570,0,0,0,0,0,0,0,13,0,0,0,0,0
122240,0,0,0,0,0,0,0,5,1,0,0,0,0
124735,0,0,0,0,0,0,0,6,0,0,0,0,0
118004,0,0,0,0,0,0,0,7,3,0,0,0,0
113959,0,0,0,0,0,0,0,9,0,0,0,0,0
118102,0,0,0,0,0,0,0,1,0,0,0,0,0
105292,0,0,0,0,0,0,0,13,0,0,0,0,0
124160,0,0,0,0,0,0,0,25,0,0,0,0,0
15541,0,0,0,0,0,0,0,1,0,0,0,0,0
104221,0,0,0,0,0,0,0,5,0,0,0,0,0
118169,0,0,0,0,0,0,0,3,0,1,0,0,0
116628,0,0,0,0,0,0,0,1,0,0,0,0,0
113272,0,0,0,0,0,0,0,1,0,0,0,0,0
112316,0,0,0,0,0,0,0,1,0,0,0,0,0
119005,0,0,0,0,0,0,0,1,0,0,0,0,0
105878,0,0,0,0,0,0,0,9,0,0,0,0,0
103482,0,0,0,0,0,0,0,4,0,0,0,0,0
104190,0,0,0,0,0,0,0,10,0,0,0,0,0
116342,0,0,0,0,0,0,0,3,0,0,0,0,0
116522,0,0,0,0,0,0,0,6,2,0,0,0,0
105036,0,0,0,0,0,0,0,4,0,0,0,0,0
129956,0,0,0,0,0,0,0,4,0,4,0,0,0
127680,0,0,0,0,0,0,0,14,0,4,0,0,0
102683,0,0,0,0,0,0,0,2,0,0,0,0,0
104450,0,0,0,0,0,0,0,10,0,0,0,0,0
116467,0,0,0,0,0,0,0,1,0,0,0,0,0
113068,0,0,0,0,0,0,0,1,0,0,0,0,0
114104,0,0,0,0,0,0,0,2,0,0,0,0,0
117723,0,0,0,0,0,0,0,6,0,0,0,0,0
115416,0,0,0,0,0,0,0,9,0,0,0,0,0
119106,0,0,0,0,0,0,0,11,0,0,0,0,0
100994,0,0,0,0,0,0,0,5,0,0,0,0,0
116819,0,0,0,0,0,0,0,9,0,0,0,0,0
107968,0,0,0,0,0,0,0,18,0,0,0,0,0
116555,0,0,0,0,0,0,0,2,0,1,0,0,0
116401,0,0,0,0,0,0,0,1,0,0,0,0,0
105002,0,0,0,0,0,0,0,8,0,0,0,0,0
120528,0,0,0,0,0,0,0,1,0,0,0,0,0
132112,0,0,0,0,0,0,0,15,5,0,0,0,0
103525,0,0,0,0,0,0,0,2,0,0,0,0,0
116564,0,0,0,0,0,0,0,8,0,1,0,0,0
119009,0,0,0,0,0,0,0,1,0,0,0,0,0
116484,0,0,0,0,0,0,0,7,0,0,0,0,0
123967,0,0,0,0,0,0,0,8,0,0,0,0,0
104753,0,0,0,0,0,0,0,8,0,0,0,0,0
100993,0,0,0,0,0,0,0,2,3,0,0,0,0
114353,0,0,0,0,0,0,0,6,0,0,0,0,0
114320,0,0,0,0,0,0,0,3,0,0,0,0,0
114321,0,0,0,0,0,0,0,1,0,0,0,0,0
115015,0,0,0,0,0,0,0,2,0,0,0,0,0
115316,0,0,0,0,0,0,0,1,0,0,0,0,0
103439,0,0,0,0,0,0,0,2,0,0,0,0,0
114319,0,0,0,0,0,0,0,1,0,0,0,0,0
104615,0,0,0,0,0,0,0,2,0,0,0,0,0
107193,0,0,0,0,0,0,0,7,3,0,0,0,0
116528,0,0,0,0,0,0,0,2,0,0,0,0,0
112879,0,0,0,0,0,0,0,1,0,0,0,0,0
118536,0,0,0,0,0,0,0,17,1,0,0,0,0
122131,0,0,0,0,0,0,0,14,1,0,0,0,0
16195,0,0,0,0,0,0,0,1,0,0,0,0,0
112664,0,0,0,0,0,0,0,16,3,0,0,0,0
107701,0,0,0,0,0,0,0,2,0,1,0,0,0
121853,0,0,0,0,0,0,0,8,4,0,0,0,0
117142,0,0,0,0,0,0,0,2,0,0,0,0,0
107376,0,0,0,0,0,0,0,2,0,0,0,0,0
107753,0,0,0,0,0,0,0,2,0,0,0,0,0
127114,0,0,0,0,0,0,0,2,0,0,0,0,0
94244,0,0,0,0,0,0,0,2,0,0,0,0,0
125978,0,0,0,0,0,0,0,9,0,0,0,0,0
116084,0,0,0,0,0,0,0,3,0,0,0,0,0
103550,0,0,0,0,0,0,0,1,0,0,0,0,0
116115,0,0,0,0,0,0,0,2,0,0,0,0,0
116390,0,0,0,0,0,0,0,1,0,0,0,0,0
116556,0,0,0,0,0,0,0,2,0,0,0,0,0
115225,0,0,0,0,0,0,0,3,0,0,0,0,0
108567,0,0,0,0,0,0,0,2,0,0,0,0,0
117999,0,0,0,0,0,0,0,5,0,0,0,0,0
112994,0,0,0,0,0,0,0,8,0,0,0,0,0
111747,0,0,0,0,0,0,0,5,4,1,1,0,0
106557,0,0,0,0,0,0,0,1,0,0,0,0,0
113445,0,0,0,0,0,0,0,3,0,0,0,0,0
105963,0,0,0,0,0,0,0,1,0,0,0,0,0
103887,0,0,0,0,0,0,0,1,0,0,0,0,0
107104,0,0,0,0,0,0,0,1,0,0,0,0,0
115257,0,0,0,0,0,0,0,1,2,0,0,0,0
116490,0,0,0,0,0,0,0,1,0,0,0,0,0
120851,0,0,0,0,0,0,0,0,11,5,0,0,0
125701,0,0,0,0,0,0,0,0,1,0,0,0,0
42977,0,0,0,0,0,0,0,0,1,0,0,0,0
104319,0,0,0,0,0,0,0,0,6,0,0,0,0
122687,0,0,0,0,0,0,0,0,1,0,0,0,0
132241,0,0,0,0,0,0,0,0,1,0,0,0,0
113636,0,0,0,0,0,0,0,0,6,0,0,0,0
117639,0,0,0,0,0,0,0,0,1,0,0,0,0
125983,0,0,0,0,0,0,0,0,1,2,0,0,0
119397,0,0,0,0,0,0,0,0,0,0,0,0,1
